company,title,location,date_posted,job_type,url,category
"Staples, Inc.",Software Engineer Intern,"Framingham, MA",2024-09-14,INTERN,https://www.glassdoor.com/job-listing/j?jl=1009446749423,软件工程
Citizens,Software Engineer Intern | Enterprise Technology & Security Summer Internship,"Johnston, RI",2024-09-13,INTERN,https://www.glassdoor.com/job-listing/j?jl=1009445688937,软件工程
Direct Supply,Software Engineer Intern,"Milwaukee, WI",2024-09-13,INTERN,https://www.glassdoor.com/job-listing/j?jl=1009444889668,软件工程
Ambarella,Software Intern,"Beavercreek, OH",2024-09-13,INTERN,https://www.glassdoor.com/job-listing/j?jl=1009446112128,软件工程
Staples,Software Engineer Intern,"Framingham, MA, US",2024-09-13,internship,https://www.indeed.com/viewjob?jk=c08a819445a9960c,软件工程
Comcast,Comcast Software Engineer Intern,"Philadelphia, PA, US",2024-09-13,fulltime,https://www.indeed.com/viewjob?jk=62882ddfaed9473e,软件工程
The Aerospace Corporation,2025 Cloud Software Engineer Intern / Site Reliability Engineer Intern,"Chantilly, VA, US",2024-09-13,fulltime,https://www.indeed.com/viewjob?jk=ebfe74949d0b5723,软件工程
Danfoss,Software Engineer Intern,"Tallahassee, FL, US",2024-09-13,internship,https://www.indeed.com/viewjob?jk=39fe75ffb269944e,软件工程
American Express,"Campus Undergraduate - 2025 Technology Software Engineer Summer Internship Phoenix, AZ","Phoenix, AZ",2024-09-14,INTERN,https://www.linkedin.com/jobs/view/4008843978,软件工程
Staples,Software Engineer Intern,"Framingham, MA",2024-09-14,INTERN,https://www.linkedin.com/jobs/view/4026361233,软件工程
Danfoss,Software Engineer Intern,"Tallahassee, FL",2024-09-13,INTERN,https://www.linkedin.com/jobs/view/4025662716,软件工程
Citizens,Software Engineer Intern | Enterprise Technology & Security Summer Internship,"Johnston, RI",2024-09-13,INTERN,https://www.linkedin.com/jobs/view/4025668201,软件工程
Emerson,Software Developer Summer Intern,"Round Rock, TX",2024-09-13,INTERN,https://www.glassdoor.com/job-listing/j?jl=1009444955425,软件工程
Texas Farm Bureau Mutual Insurance Company,Software Developer Intern,N/A,2024-09-13,INTERN,https://www.glassdoor.com/job-listing/j?jl=1009444854628,软件工程
Texas Farm Bureau - Insurance Agents,Software Developer Intern,"TX, US",2024-09-12,internship,https://www.indeed.com/viewjob?jk=cebfc67f8063ec8b,软件工程
Emerson,Software Developer Summer Intern,"Round Rock, TX, US",2024-09-12,fulltime,https://www.indeed.com/viewjob?jk=a771ffa77123299f,软件工程
Emerson,Software Developer Summer Intern,"Round Rock, TX",2024-09-12,INTERN,https://www.linkedin.com/jobs/view/4024921564,软件工程
Emerson,Software Developer Summer Intern,"Round Rock, TX",2024-09-12,INTERN,https://www.linkedin.com/jobs/view/4024918723,软件工程
JLG Industries,Data Scientist Intern - Digital Technology,"Hagerstown, MD, US",2024-09-13,"fulltime, internship",https://www.indeed.com/viewjob?jk=e87eceb8a2249e87,数据科学
TruStage,Data Scientist Intern,"Remote, US",2024-09-13,parttime,https://www.indeed.com/viewjob?jk=df2b48f9499094fb,数据科学
IBM,Associate Data Scientist Intern 2025,"New York, NY",2024-09-14,INTERN,https://www.linkedin.com/jobs/view/4023918432,数据科学
WayUp,Services Graduate Data Science Intern,"Round Rock, TX",2024-09-13,INTERN,https://www.linkedin.com/jobs/view/4023317826,数据科学
Jobs via eFinancialCareers,"Intern, Data Science","Hartford Town, WI",2024-09-13,INTERN,https://www.linkedin.com/jobs/view/4023299142,数据科学
TruStage,Data Scientist Intern,,2024-09-13,INTERN,https://www.linkedin.com/jobs/view/4024981763,数据科学
American AgCredit,Intern-Culture and Inclusion Data Analyst,United States,2024-09-14,INTERN,https://www.glassdoor.com/job-listing/j?jl=1009446414442,数据科学
Horizon Blue Cross Blue Shield of New Jersey,Analytics Intern,"Newark, NJ",2024-09-13,INTERN,https://www.glassdoor.com/job-listing/j?jl=1009445882486,数据科学
Comcast Corporation,Comcast Energy Data Analyst Intern,"Philadelphia, PA",2024-09-13,INTERN,https://www.glassdoor.com/job-listing/j?jl=1009445525460,数据科学
Corteva,Data Analyst Intern,"Johnston, IA",2024-09-13,INTERN,https://www.glassdoor.com/job-listing/j?jl=1009445356078,数据科学
American AgCredit,Intern-Culture and Inclusion Data Analyst,"Remote, US",2024-09-13,fulltime,https://www.indeed.com/viewjob?jk=f1617105cdd02d83,数据科学
Horizon Blue Cross Blue Shield of New Jersey,Analytics Intern,"Newark, NJ, US",2024-09-13,fulltime,https://www.indeed.com/viewjob?jk=def5d2d1fab2961f,数据科学
Corteva Agriscience,Data Analyst Intern,"Johnston, IA, US",2024-09-12,internship,https://www.indeed.com/viewjob?jk=370f7e90632fb6ba,数据科学
Comcast,Comcast Energy Data Analyst Intern,"Philadelphia, PA, US",2024-09-12,fulltime,https://www.indeed.com/viewjob?jk=5bc67499d2bd7366,数据科学
Highline Warren,Data Analyst Intern,"Memphis, TN",2024-09-14,INTERN,https://www.linkedin.com/jobs/view/4023992976,数据科学
Gallagher,Data Analyst Intern GSIP,"New York, NY",2024-09-14,INTERN,https://www.linkedin.com/jobs/view/4009024030,数据科学
Elanco,IT Data Analyst Intern,"Indianapolis, IN",2024-09-14,INTERN,https://www.linkedin.com/jobs/view/3990135968,数据科学
Corteva Agriscience,Data Analyst Intern,"Johnston, IA",2024-09-13,INTERN,https://www.linkedin.com/jobs/view/4023309369,数据科学
